DISTRICT,PER_TURN_ALL,PER_TURN_INEXP,PER_TURN_EXP
ALBANY CITY SD,0.11,0.19,0.09958199356913183
BERNE-KNOX-WESTERLO CSD,0.13,0.33,0.09470588235294118
BETHLEHEM CSD,0.08,0.15,0.06722972972972972
RAVENA-COEYMANS-SELKIRK CSD,0.17,0.21,0.15732394366197186
COHOES CITY SD,0.15,0.28,0.13408163265306122
SOUTH COLONIE CSD,0.15,0.32,0.13310897435897434
MENANDS UFSD,0.1,0.0,0.10740740740740742
NORTH COLONIE CSD,0.14,0.3,0.11261613691931541
GREEN ISLAND UFSD,0.17,0.2,0.15071428571428575
GUILDERLAND CSD,0.1,0.23,0.07919999999999999
VOORHEESVILLE CSD,0.1,0.38,0.07772727272727273
WATERVLIET CITY SD,0.1,0.08,0.10337078651685394
ALFRED-ALMOND CSD,0.18,0.33,0.13124999999999998
ANDOVER CSD,0.17,0.0,0.17894736842105266
GENESEE VALLEY CSD,0.13,0.18,0.11818181818181818
BELFAST CSD,0.09,0.11,0.08379310344827585
CANASERAGA CSD,0.19,0.44,0.1304761904761905
FRIENDSHIP CSD,0.27,0.36,0.20842105263157898
FILLMORE CSD,0.07,0.0,0.08211538461538462
WHITESVILLE CSD,0.24,0.11,0.36999999999999994
CUBA-RUSHFORD CSD,0.05,0.03,0.07146341463414635
SCIO CSD,0.07,0.0,0.08060606060606061
WELLSVILLE CSD,0.08,0.23,0.06263157894736843
BOLIVAR-RICHBURG CSD,0.13,0.22,0.10646153846153845
CHENANGO FORKS CSD,0.09,0.27,0.07764705882352942
BINGHAMTON CITY SD,0.18,0.29,0.16452261306532664
SOUTH MOUNTAIN-HICKORY COMN SD AT BI,,,
HARPURSVILLE CSD,0.17,0.3,0.14250000000000002
SUSQUEHANNA VALLEY CSD,0.23,0.13,0.233125
CHENANGO VALLEY CSD,0.22,0.26,0.2071264367816092
MAINE-ENDWELL CSD,0.08,0.08,0.07999999999999999
DEPOSIT CSD,0.12,0.4,0.06909090909090909
WHITNEY POINT CSD,0.15,0.3,0.10776699029126215
UNION-ENDICOTT CSD,0.08,0.08,0.07999999999999999
JOHNSON CITY CSD,0.27,0.29,0.2683823529411765
VESTAL CSD,0.12,0.28,0.09983739837398375
WINDSOR CSD,0.15,0.33,0.11399999999999999
WEST VALLEY CSD,0.23,0.67,0.2025
ALLEGANY-LIMESTONE CSD,0.16,0.2,0.14947368421052631
ELLICOTTVILLE CSD,0.04,0.0,0.0424
FRANKLINVILLE CSD,0.14,0.36,0.10206896551724141
HINSDALE CSD,0.08,0.2,0.06421052631578947
CATTARAUGUS-LITTLE VALLEY CSD,0.08,0.23,0.05222222222222222
OLEAN CITY SD,0.04,0.0,0.043821656050955414
GOWANDA CSD,0.04,0.09,0.034396551724137935
PORTVILLE CSD,0.03,0.14,0.02236111111111111
RANDOLPH CSD,0.05,0.0,0.05694444444444445
RANDOLPH ACAD UFSD,0.23,0.33,0.19190476190476188
SALAMANCA CITY SD,0.07,0.04,0.07560975609756099
YORKSHIRE-PIONEER CSD,0.06,0.06,0.06
AUBURN CITY SD,0.12,0.17,0.1049809885931559
WEEDSPORT CSD,0.09,0.17,0.08066666666666665
CATO-MERIDIAN CSD,0.21,0.5,0.13983870967741932
SOUTHERN CAYUGA CSD,0.27,0.43,0.23666666666666666
PORT BYRON CSD,0.08,0.33,0.06529411764705882
MORAVIA CSD,0.24,0.15,0.25772727272727275
UNION SPRINGS CSD,0.15,0.43,0.11937500000000001
SOUTHWESTERN CSD AT JAMESTOWN,0.08,0.0,0.08871287128712872
FREWSBURG CSD,0.07,0.0,0.07104477611940299
CASSADAGA VALLEY CSD,0.06,0.33,0.024782608695652165
CHAUTAUQUA LAKE CSD,0.08,0.0,0.09739130434782609
PINE VALLEY CSD (SOUTH DAYTON),0.19,0.21,0.181
CLYMER CSD,0.17,0.08,0.18363636363636365
DUNKIRK CITY SD,0.19,0.32,0.15941176470588236
BEMUS POINT CSD,0.05,0.11,0.040526315789473695
FALCONER CSD,0.08,0.31,0.035057471264367826
SILVER CREEK CSD,0.09,0.2,0.07611650485436892
FORESTVILLE CSD,0.13,0.25,0.1124390243902439
PANAMA CSD,0.12,0.2,0.10933333333333334
JAMESTOWN CITY SD,0.09,0.23,0.06983379501385041
FREDONIA CSD,0.12,0.15,0.1120353982300885
BROCTON CSD,0.04,0.11,0.02395833333333333
RIPLEY CSD,0.06,0.0,0.075
SHERMAN CSD,0.14,0.33,0.12575
WESTFIELD CSD,0.16,0.2,0.1458823529411765
ELMIRA CITY SD,0.14,0.21,0.12892255892255894
HORSEHEADS CSD,0.09,0.26,0.07541044776119402
ELMIRA HEIGHTS CSD,0.06,0.0,0.06837209302325581
AFTON CSD,0.24,0.5,0.17102040816326528
BAINBRIDGE-GUILFORD CSD,0.13,0.27,0.10704918032786885
GREENE CSD,0.1,0.14,0.09636363636363636
UNADILLA VALLEY CSD,0.18,0.33,0.1461290322580645
NORWICH CITY SD,0.19,0.33,0.16783333333333333
OTSELIC VALLEY CSD,0.24,0.4,0.12999999999999995
OXFORD ACADEMY & CSD,0.07,0.33,0.05059701492537314
SHERBURNE-EARLVILLE CSD,0.11,0.11,0.10999999999999999
AUSABLE VALLEY CSD,0.14,0.27,0.1260215053763441
BEEKMANTOWN CSD,0.13,0.23,0.12276315789473684
NORTHEASTERN CLINTON CSD,0.18,0.13,0.18842696629213482
CHAZY UFSD,0.11,0.1,0.11257142857142857
NORTHERN ADIRONDACK CSD,0.1,0.4,0.06666666666666667
PERU CSD,0.12,0.41,0.0818421052631579
PLATTSBURGH CITY SD,0.11,0.23,0.0867741935483871
SARANAC CSD,0.1,0.1,0.10000000000000002
BERKSHIRE UFSD,,,
TACONIC HILLS CSD,0.16,0.47,0.1161320754716981
GERMANTOWN CSD,0.06,0.13,0.05270833333333333
CHATHAM CSD,0.21,0.46,0.1759090909090909
HUDSON CITY SD,0.17,0.31,0.15764705882352942
KINDERHOOK CSD,0.11,0.22,0.0908695652173913
NEW LEBANON CSD,0.09,0.2,0.06317073170731707
CINCINNATUS CSD,0.1,0.18,0.09076923076923078
CORTLAND CITY SD,0.27,0.41,0.2509090909090909
MCGRAW CSD,0.17,0.0,0.24463414634146344
HOMER CSD,0.05,0.09,0.04885057471264369
MARATHON CSD,0.1,0.2,0.08823529411764706
ANDES CSD,0.06,0.0,1.02
DOWNSVILLE CSD,0.18,0.33,0.14785714285714288
CHARLOTTE VALLEY CSD,0.19,0.24,0.13545454545454547
DELAWARE ACADEMY CSD AT DELHI,0.19,0.15,0.19518518518518516
FRANKLIN CSD,0.36,0.33,0.3704347826086956
HANCOCK CSD,0.15,0.75,0.07727272727272727
MARGARETVILLE CSD,0.05,0.14,0.035
ROXBURY CSD,0.14,0.33,0.11466666666666668
SIDNEY CSD,0.21,0.5,0.11333333333333334
STAMFORD CSD,0.14,0.17,0.13590909090909092
SOUTH KORTRIGHT CSD,0.15,0.2,0.14393939393939395
WALTON CSD,0.09,0.21,0.06442622950819672
BEACON CITY SD,0.09,0.28,0.06943722943722944
DOVER UFSD,0.23,0.35,0.22181818181818186
HYDE PARK CSD,0.08,0.18,0.07135338345864661
NORTHEAST CSD,0.19,0.14,0.2018181818181818
PAWLING CSD,0.1,0.31,0.059518072289156634
PINE PLAINS CSD,0.03,0.12,0.014249999999999999
POUGHKEEPSIE CITY SD,0.11,0.18,0.10160000000000002
ARLINGTON CSD,0.08,0.26,0.06480891719745223
SPACKENKILL UFSD,0.07,0.22,0.061489361702127675
RED HOOK CSD,0.12,0.26,0.09904761904761902
RHINEBECK CSD,0.13,0.36,0.08129411764705884
WAPPINGERS CSD,0.07,0.01,0.076156202143951
MILLBROOK CSD,0.08,0.0,0.08682926829268293
ALDEN CSD,0.04,0.0,0.04535714285714286
AMHERST CSD,0.1,0.33,0.0693991416309013
WILLIAMSVILLE CSD,0.1,0.29,0.07750000000000001
SWEET HOME CSD,0.13,0.18,0.11779527559055117
EAST AURORA UFSD,0.11,0.22,0.08545454545454545
BUFFALO CITY SD,0.09,0.2,0.0801566852367688
CHEEKTOWAGA CSD,0.09,0.33,0.0638181818181818
CHEEKTOWAGA-MARYVALE UFSD,0.06,0.18,0.045
CLEVELAND HILL UFSD,0.11,0.2,0.0947457627118644
DEPEW UFSD,0.04,0.25,0.0274
CHEEKTOWAGA-SLOAN UFSD,0.1,0.19,0.08673684210526315
CLARENCE CSD,0.08,0.19,0.06479099678456592
SPRINGVILLE-GRIFFITH INST CSD,0.03,0.0,0.03071428571428571
EDEN CSD,0.04,0.05,0.03851851851851852
IROQUOIS CSD,0.13,0.36,0.09876543209876543
EVANS-BRANT CSD (LAKE SHORE),0.07,0.17,0.05857142857142858
GRAND ISLAND CSD,0.06,0.3,0.03749999999999999
HAMBURG CSD,0.11,0.33,0.09339622641509433
HOPEVALE UFSD AT HAMBURG,,,
FRONTIER CSD,0.11,0.29,0.08049180327868852
HOLLAND CSD,0.2,0.4,0.13333333333333333
LACKAWANNA CITY SD,0.1,0.36,0.04545454545454547
LANCASTER CSD,0.05,0.08,0.04798507462686568
AKRON CSD,0.17,0.44,0.13454545454545458
NORTH COLLINS CSD,0.22,0.64,0.17058823529411768
ORCHARD PARK CSD,0.12,0.27,0.09337278106508874
TONAWANDA CITY SD,0.12,0.29,0.08653543307086613
KENMORE-TONAWANDA UFSD,0.09,0.31,0.0641396933560477
WEST SENECA CSD,0.09,0.38,0.05447661469933185
CROWN POINT CSD,0.3,0.33,0.29823529411764704
KEENE CSD,0.14,0.0,0.15473684210526317
MINERVA CSD,0.18,0.25,0.173
MORIAH CSD,0.1,0.25,0.08125
NEWCOMB CSD,0.06,0.0,0.06666666666666667
LAKE PLACID CSD,0.12,0.3,0.08507462686567163
SCHROON LAKE CSD,0.03,0.0,0.03724137931034483
TICONDEROGA CSD,0.12,0.0,0.12827586206896552
WILLSBORO CSD,0.26,0.5,0.20947368421052634
BOQUET VALLEY CSD,0.23,0.3,0.19500000000000003
TUPPER LAKE CSD,0.14,0.0,0.16896551724137931
CHATEAUGAY CSD,0.16,0.22,0.14325581395348838
SALMON RIVER CSD,0.13,0.17,0.11837606837606836
SARANAC LAKE CSD,0.17,0.33,0.14075268817204306
MALONE CSD,0.09,0.16,0.07759999999999999
BRUSHTON-MOIRA CSD,0.07,0.33,0.045405405405405413
ST REGIS FALLS CSD,0.27,0.33,0.21666666666666665
WHEELERVILLE UFSD,0.15,0.0,0.18
GLOVERSVILLE CITY SD,0.1,0.19,0.08246153846153847
JOHNSTOWN CITY SD,0.16,0.14,0.16363636363636364
MAYFIELD CSD,0.14,0.44,0.07538461538461538
NORTHVILLE CSD,0.11,0.33,0.08499999999999998
BROADALBIN-PERTH CSD,0.05,0.05,0.049999999999999996
ALEXANDER CSD,0.1,0.3,0.05692307692307692
BATAVIA CITY SD,0.14,0.26,0.11978947368421053
BYRON-BERGEN CSD,0.12,0.27,0.09884615384615383
ELBA CSD,0.12,0.33,0.06866666666666665
LE ROY CSD,0.04,0.0,0.045306122448979594
OAKFIELD-ALABAMA CSD,0.08,0.13,0.07295774647887325
PAVILION CSD,0.17,0.32,0.11836065573770495
PEMBROKE CSD,0.09,0.23,0.08076923076923077
CAIRO-DURHAM CSD,0.13,0.38,0.10899159663865546
CATSKILL CSD,0.11,0.25,0.08277777777777777
COXSACKIE-ATHENS CSD,0.08,0.67,0.008317757009345783
GREENVILLE CSD,0.14,0.17,0.13804347826086957
HUNTER-TANNERSVILLE CSD,0.17,0.33,0.10212121212121213
WINDHAM-ASHLAND-JEWETT CSD,0.0,0.0,0.0
PISECO COMN SD,,,
INDIAN LAKE CSD,0.19,1.0,0.1531818181818182
INLET COMN SD,,,
LAKE PLEASANT CSD,0.12,0.33,0.075
LONG LAKE CSD,0.06,0.1,0.04285714285714285
RAQUETTE LAKE UFSD,,,
WELLS CSD,0.14,0.5,0.12363636363636364
WEST CANADA VALLEY CSD,0.18,0.41,0.10489795918367346
FRANKFORT-SCHUYLER CSD,0.13,0.2,0.12805555555555556
HERKIMER CSD,0.06,0.13,0.03338028169014084
LITTLE FALLS CITY SD,0.14,0.28,0.11166666666666665
DOLGEVILLE CSD,0.16,0.3,0.13152542372881357
POLAND CSD,0.14,0.17,0.13341463414634147
VAN HORNESVILLE-OWEN D YOUNG CSD,0.1,0.13,0.08875000000000001
TOWN OF WEBB UFSD,0.15,0.13,0.15230769230769228
MOUNT MARKHAM CSD,0.09,0.07,0.09214285714285714
CENTRAL VALLEY CSD AT ILION-MOHAWK,0.1,0.33,0.058181818181818196
SOUTH JEFFERSON CSD,0.04,0.0,0.047706422018348627
ALEXANDRIA CSD,0.26,0.42,0.17500000000000002
INDIAN RIVER CSD,0.13,0.11,0.13451612903225807
GENERAL BROWN CSD,0.2,0.29,0.1775
THOUSAND ISLANDS CSD,0.18,0.4,0.1490625
BELLEVILLE-HENDERSON CSD,0.08,0.4,-0.011428571428571427
SACKETS HARBOR CSD,0.08,0.2,0.05257142857142857
LYME CSD,0.23,0.5,0.11954545454545454
LA FARGEVILLE CSD,0.12,0.2,0.10486486486486483
WATERTOWN CITY SD,0.11,0.2,0.08633620689655169
CARTHAGE CSD,0.13,0.29,0.10344680851063832
COPENHAGEN CSD,0.28,0.5,0.17647058823529416
HARRISVILLE CSD,0.15,0.38,0.10071428571428569
LOWVILLE ACADEMY & CSD,0.21,0.27,0.19851063829787235
SOUTH LEWIS CSD,0.03,0.5,0.03
BEAVER RIVER CSD,0.18,0.36,0.15789473684210525
AVON CSD,0.09,0.14,0.0847674418604651
CALEDONIA-MUMFORD CSD,0.11,0.18,0.09333333333333335
GENESEO CSD,0.16,0.31,0.14148148148148149
LIVONIA CSD,0.07,0.0,0.07408333333333333
MT MORRIS CSD,0.05,0.0,0.063
DANSVILLE CSD,0.08,0.13,0.07273504273504275
DALTON-NUNDA CSD (KESHEQUA),0.13,0.36,0.07844827586206898
YORK CSD,0.09,0.27,0.04826086956521738
BROOKFIELD CSD,0.04,0.0,0.05473684210526316
CAZENOVIA CSD,0.16,0.26,0.14045977011494254
DERUYTER CSD,0.23,0.5,0.20365853658536584
MORRISVILLE-EATON CSD,0.13,0.2,0.11811320754716982
HAMILTON CSD,0.14,0.06,0.17111111111111113
CANASTOTA CSD,0.13,0.25,0.09651162790697675
MADISON CSD,0.23,0.5,0.1682857142857143
ONEIDA CITY SD,0.12,0.24,0.10827067669172931
STOCKBRIDGE VALLEY CSD,0.21,0.35,0.15750000000000003
CHITTENANGO CSD,0.11,0.18,0.10582781456953644
BRIGHTON CSD,0.1,0.1,0.1
GATES CHILI CSD,0.12,0.13,0.11901060070671378
GREECE CSD,0.07,0.13,0.06341836734693879
EAST IRONDEQUOIT CSD,0.17,0.25,0.15345991561181435
WEST IRONDEQUOIT CSD,0.14,0.21,0.12764705882352945
HONEOYE FALLS-LIMA CSD,0.08,0.09,0.07831168831168832
SPENCERPORT CSD,0.12,0.39,0.08080645161290323
HILTON CSD,0.1,0.23,0.07375394321766562
PENFIELD CSD,0.11,0.37,0.06833827893175073
FAIRPORT CSD,0.12,0.49,0.07290909090909091
EAST ROCHESTER UFSD,0.14,0.0,0.17012658227848104
PITTSFORD CSD,0.07,0.18,0.06189732142857144
CHURCHVILLE-CHILI CSD,0.14,0.25,0.11396946564885499
ROCHESTER CITY SD,0.09,0.09,0.09
RUSH-HENRIETTA CSD,0.11,0.23,0.09986666666666666
BROCKPORT CSD,0.11,0.19,0.099
WEBSTER CSD,0.14,0.44,0.08193548387096775
WHEATLAND-CHILI CSD,0.08,0.08,0.07999999999999999
AMSTERDAM CITY SD,0.2,0.2,0.2
CANAJOHARIE CSD,0.12,0.1,0.12477611940298507
FONDA-FULTONVILLE CSD,0.12,0.44,0.07957894736842105
FORT PLAIN CSD,0.14,0.33,0.1260294117647059
OPPENHEIM-EPHRATAH-ST. JOHNSVILLE CS,0.1,0.23,0.0853225806451613
GLEN COVE CITY SD,0.13,0.29,0.09967741935483872
HEMPSTEAD UFSD,0.15,0.22,0.14757097791798104
UNIONDALE UFSD,0.08,0.12,0.07818897637795277
EAST MEADOW UFSD,0.07,0.07,0.07000000000000002
NORTH BELLMORE UFSD,0.17,0.48,0.12694444444444444
LEVITTOWN UFSD,0.12,0.29,0.10315887850467291
SEAFORD UFSD,0.1,0.38,0.058461538461538474
BELLMORE UFSD,0.09,0.23,0.0788
ROOSEVELT UFSD,0.13,0.24,0.10525000000000002
FREEPORT UFSD,0.09,0.18,0.07720090293453725
BALDWIN UFSD,0.13,0.49,0.1076271186440678
OCEANSIDE UFSD,0.23,0.58,0.15686567164179108
MALVERNE UFSD,0.06,0.13,0.04904761904761904
VALLEY STREAM 13 UFSD,0.15,0.29,0.13126760563380283
HEWLETT-WOODMERE UFSD,0.11,0.27,0.0906060606060606
LAWRENCE UFSD,0.12,0.42,0.09454545454545456
ELMONT UFSD,0.11,0.22,0.09530821917808222
FRANKLIN SQUARE UFSD,0.1,0.21,0.07724137931034483
GARDEN CITY UFSD,0.14,0.31,0.12764705882352945
EAST ROCKAWAY UFSD,0.08,0.0,0.0874074074074074
LYNBROOK UFSD,0.13,0.41,0.0915
ROCKVILLE CENTRE UFSD,0.07,0.33,0.04636363636363637
FLORAL PARK-BELLEROSE UFSD,0.17,0.13,0.1779166666666667
WANTAGH UFSD,0.17,0.47,0.153710407239819
VALLEY STREAM 24 UFSD,0.09,0.17,0.07683544303797468
MERRICK UFSD,0.14,0.41,0.11043795620437959
ISLAND TREES UFSD,0.09,0.21,0.07483516483516484
WEST HEMPSTEAD UFSD,0.07,0.3,0.04570422535211268
NORTH MERRICK UFSD,0.17,0.7,0.1326760563380282
VALLEY STREAM 30 UFSD,0.15,0.17,0.14530612244897959
ISLAND PARK UFSD,0.1,0.14,0.09666666666666668
VALLEY STREAM CENTRAL HS DISTRICT,0.08,0.16,0.071976401179941
SEWANHAKA CENTRAL HS DISTRICT,0.11,0.16,0.10083969465648855
BELLMORE-MERRICK CENTRAL HS DISTRICT,0.07,0.36,0.044070588235294125
LONG BEACH CITY SD,0.13,0.36,0.1143026706231454
WESTBURY UFSD,0.08,0.16,0.06962962962962964
EAST WILLISTON UFSD,0.17,0.46,0.0989795918367347
ROSLYN UFSD,0.05,0.14,0.044924812030075194
PORT WASHINGTON UFSD,0.08,0.23,0.07097995545657015
NEW HYDE PARK-GARDEN CITY PARK UFSD,0.11,0.5,0.07301724137931034
MANHASSET UFSD,0.15,0.34,0.10921951219512195
GREAT NECK UFSD,0.14,0.33,0.12021487603305786
HERRICKS UFSD,0.1,0.26,0.0811764705882353
MINEOLA UFSD,0.13,0.2,0.1113089005235602
CARLE PLACE UFSD,0.07,0.09,0.06714285714285714
NORTH SHORE CSD,0.14,0.24,0.11276595744680853
SYOSSET CSD,0.13,0.49,0.09809364548494985
LOCUST VALLEY CSD,0.14,0.41,0.10896551724137933
PLAINVIEW-OLD BETHPAGE CSD,0.17,0.51,0.1405986696230599
OYSTER BAY-EAST NORWICH CSD,0.1,0.04,0.10919708029197081
JERICHO UFSD,0.12,0.33,0.08114537444933921
HICKSVILLE UFSD,0.11,0.21,0.09319783197831978
PLAINEDGE UFSD,0.14,0.41,0.11177272727272729
BETHPAGE UFSD,0.08,0.25,0.059304347826086956
FARMINGDALE UFSD,0.14,0.36,0.0877777777777778
MASSAPEQUA UFSD,0.14,0.36,0.11708333333333336
NYC CHANCELLOR'S OFFICE,0.15,0.17,0.13882126297916803
NYC SPEC SCHOOLS - DIST 75,0.14,0.12,0.15633477633477635
NYC GEOG DIST # 1 - MANHATTAN,0.22,0.2,0.2338076923076923
NYC GEOG DIST # 2 - MANHATTAN,0.15,0.17,0.1377310924369748
NYC GEOG DIST # 3 - MANHATTAN,0.17,0.21,0.14399380804953565
NYC GEOG DIST # 4 - MANHATTAN,0.2,0.2,0.20000000000000004
NYC GEOG DIST # 5 - MANHATTAN,0.22,0.29,0.1756804733727811
NYC GEOG DIST # 6 - MANHATTAN,0.18,0.18,0.18
NYC GEOG DIST # 7 - BRONX,0.19,0.21,0.17369346733668345
NYC GEOG DIST # 8 - BRONX,0.17,0.16,0.17674831081081083
NYC GEOG DIST # 9 - BRONX,0.18,0.21,0.15781690140845067
NYC GEOG DIST #10 - BRONX,0.15,0.18,0.13177534707614638
NYC GEOG DIST #11 - BRONX,0.15,0.18,0.13446674311926607
NYC GEOG DIST #12 - BRONX,0.19,0.23,0.15718894009216586
NYC GEOG DIST #13 - BROOKLYN,0.18,0.19,0.17458963282937368
NYC GEOG DIST #14 - BROOKLYN,0.16,0.18,0.14841013824884794
NYC GEOG DIST #15 - BROOKLYN,0.15,0.16,0.14463654223968564
NYC GEOG DIST #16 - BROOKLYN,0.18,0.2,0.16626959247648904
NYC GEOG DIST #17 - BROOKLYN,0.2,0.21,0.19322687224669605
NYC GEOG DIST #18 - BROOKLYN,0.19,0.24,0.1676315789473684
NYC GEOG DIST #19 - BROOKLYN,0.17,0.2,0.1481762917933131
NYC GEOG DIST #20 - BROOKLYN,0.12,0.12,0.11999999999999998
NYC GEOG DIST #21 - BROOKLYN,0.14,0.14,0.14
NYC GEOG DIST #22 - BROOKLYN,0.15,0.15,0.15
NYC GEOG DIST #23 - BROOKLYN,0.18,0.21,0.15643410852713177
NYC GEOG DIST #32 - BROOKLYN,0.18,0.17,0.18805383022774327
NYC GEOG DIST #24 - QUEENS,0.12,0.12,0.12
NYC GEOG DIST #25 - QUEENS,0.12,0.15,0.10767441860465116
NYC GEOG DIST #26 - QUEENS,0.12,0.2,0.09731800766283523
NYC GEOG DIST #27 - QUEENS,0.16,0.18,0.15114341085271318
NYC GEOG DIST #28 - QUEENS,0.14,0.17,0.1275054945054945
NYC GEOG DIST #29 - QUEENS,0.14,0.17,0.12825562700964632
NYC GEOG DIST #30 - QUEENS,0.13,0.14,0.12478865083960625
NYC GEOG DIST #31 - STATEN ISLAND,0.11,0.1,0.11371695178849145
LEWISTON-PORTER CSD,0.08,0.14,0.07652173913043478
LOCKPORT CITY SD,0.08,0.06,0.08255737704918033
NEWFANE CSD,0.09,0.4,0.06367924528301887
NIAGARA-WHEATFIELD CSD,0.03,0.06,0.025421686746987953
NIAGARA FALLS CITY SD,0.1,0.07,0.10329268292682925
NORTH TONAWANDA CITY SD,0.13,0.21,0.10908256880733945
STARPOINT CSD,0.1,0.42,0.06514851485148516
ROYALTON-HARTLAND CSD,0.14,0.33,0.12168674698795183
BARKER CSD,0.08,0.5,0.06666666666666667
WILSON CSD,0.05,0.0,0.054945054945054944
ADIRONDACK CSD,0.1,0.43,0.06546511627906977
CAMDEN CSD,0.11,0.0,0.12213793103448277
CLINTON CSD,0.07,0.2,0.05728260869565218
NEW HARTFORD CSD,0.07,0.13,0.06393617021276596
NY MILLS UFSD,0.22,0.29,0.20157894736842105
SAUQUOIT VALLEY CSD,0.05,0.18,0.034705882352941184
REMSEN CSD,0.15,0.75,0.10135135135135136
ROME CITY SD,0.1,0.15,0.09134615384615384
WATERVILLE CSD,0.11,0.13,0.10555555555555554
SHERRILL CITY SD,0.09,0.14,0.08236641221374046
HOLLAND PATENT CSD,0.13,0.23,0.1031958762886598
UTICA CITY SD,0.1,0.16,0.0896969696969697
WESTMORELAND CSD,0.16,0.13,0.16944444444444443
ORISKANY CSD,0.22,0.47,0.15452380952380954
WHITESBORO CSD,0.07,0.21,0.06339055793991417
WEST GENESEE CSD,0.15,0.33,0.14723076923076925
NORTH SYRACUSE CSD,0.06,0.11,0.055775862068965516
EAST SYRACUSE MINOA CSD,0.15,0.1,0.15717391304347825
JAMESVILLE-DEWITT CSD,0.06,0.19,0.04594594594594595
JORDAN-ELBRIDGE CSD,0.06,0.0,0.06593406593406594
FABIUS-POMPEY CSD,0.14,0.25,0.1250847457627119
WESTHILL CSD,0.14,0.15,0.1384426229508197
SOLVAY UFSD,0.08,0.17,0.06703389830508474
LAFAYETTE CSD,0.09,0.0,0.0984
BALDWINSVILLE CSD,0.08,0.2,0.07243243243243244
FAYETTEVILLE-MANLIUS CSD,0.08,0.32,0.06679611650485437
MARCELLUS CSD,0.1,0.29,0.09554687500000002
ONONDAGA CSD,0.14,0.0,0.16366197183098594
LIVERPOOL CSD,0.14,0.31,0.11299776286353469
LYNCOURT UFSD,0.15,0.2,0.14545454545454542
SKANEATELES CSD,0.15,0.0,0.1598130841121495
SYRACUSE CITY SD,0.13,0.17,0.11331147540983608
TULLY CSD,0.21,0.2,0.21085714285714283
CANANDAIGUA CITY SD,0.11,0.3,0.07029850746268657
EAST BLOOMFIELD CSD,0.19,0.42,0.15223880597014924
GENEVA CITY SD,0.18,0.25,0.15310975609756097
GORHAM-MIDDLESEX CSD (MARCUS WHITMAN,0.08,0.07,0.08157303370786517
MANCHESTER-SHORTSVILLE CSD (RED JACK,0.18,0.17,0.18410714285714283
NAPLES CSD,0.07,0.22,0.05285714285714287
PHELPS-CLIFTON SPRINGS CSD,0.09,0.2,0.0781294964028777
HONEOYE CSD,0.17,0.18,0.16703703703703704
VICTOR CSD,0.12,0.22,0.11151515151515151
WASHINGTONVILLE CSD,0.12,0.31,0.06439024390243901
CHESTER UFSD,0.09,0.13,0.07914285714285713
CORNWALL CSD,0.12,0.39,0.10225352112676055
PINE BUSH CSD,0.1,0.1,0.1
GOSHEN CSD,0.15,0.44,0.08926701570680627
HIGHLAND FALLS CSD,0.11,0.25,0.09
MIDDLETOWN CITY SD,0.1,0.15,0.08950850661625709
MINISINK VALLEY CSD,0.12,0.18,0.11561538461538459
MONROE-WOODBURY CSD,0.05,0.11,0.03759090909090909
KIRYAS JOEL VILLAGE UFSD,0.15,0.17,0.13823529411764704
VALLEY CSD (MONTGOMERY),0.1,0.23,0.09060240963855422
NEWBURGH CITY SD,0.07,0.13,0.06024813895781638
PORT JERVIS CITY SD,0.07,0.23,0.042923076923076925
TUXEDO UFSD,0.2,0.11,0.2
WARWICK VALLEY CSD,0.08,0.2,0.061538461538461535
GREENWOOD LAKE UFSD,0.13,0.33,0.10777777777777776
FLORIDA UFSD,0.07,0.25,0.05119402985074628
ALBION CSD,0.05,0.11,0.04318181818181819
KENDALL CSD,0.1,0.2,0.07586206896551725
HOLLEY CSD,0.1,0.1,0.09999999999999999
MEDINA CSD,0.12,0.27,0.09702702702702702
LYNDONVILLE CSD,0.24,0.63,0.16687499999999997
ALTMAR-PARISH-WILLIAMSTOWN CSD,0.14,0.11,0.15094594594594596
FULTON CITY SD,0.1,0.18,0.07463414634146341
HANNIBAL CSD,0.12,0.2,0.09037037037037038
CENTRAL SQUARE CSD,0.1,0.37,0.06790983606557377
MEXICO CSD,0.12,0.05,0.1249044585987261
OSWEGO CITY SD,0.07,0.11,0.06182978723404256
PULASKI CSD,0.1,0.0,0.10519480519480519
SANDY CREEK CSD,0.07,0.0,0.07100000000000001
PHOENIX CSD,0.09,0.09,0.09
GILBERTSVILLE-MOUNT UPTON CSD,0.26,1.0,0.0323076923076923
EDMESTON CSD,0.17,0.38,0.12058823529411766
LAURENS CSD,0.15,0.29,0.11266666666666668
SCHENEVUS CSD,0.2,0.3,0.10000000000000002
MILFORD CSD,0.1,0.0,0.11000000000000001
MORRIS CSD,0.23,0.14,0.2463636363636364
ONEONTA CITY SD,0.09,0.27,0.06410071942446043
OTEGO-UNADILLA CSD,0.17,0.33,0.15344827586206897
COOPERSTOWN CSD,0.1,0.0,0.10555555555555556
RICHFIELD SPRINGS CSD,0.19,0.44,0.14348837209302326
CHERRY VALLEY-SPRINGFIELD CSD,0.27,0.42,0.21843750000000003
WORCESTER CSD,0.09,0.0,0.09620689655172414
MAHOPAC CSD,0.05,0.14,0.04319767441860465
CARMEL CSD,0.1,0.32,0.07868512110726644
HALDANE CSD,0.08,0.25,0.07068493150684932
GARRISON UFSD,0.3,0.4,0.23999999999999994
PUTNAM VALLEY CSD,0.06,0.0,0.06156521739130435
BREWSTER CSD,0.1,0.24,0.06532110091743121
BERLIN CSD,0.06,0.25,0.039178082191780816
BRUNSWICK CSD (BRITTONKILL),0.23,0.33,0.22333333333333336
EAST GREENBUSH CSD,0.08,0.22,0.07027190332326284
HOOSICK FALLS CSD,0.06,0.0,0.06272727272727273
LANSINGBURGH CSD,0.13,0.25,0.08976047904191618
NORTH GREENBUSH COMN SD (WILLIAMS),0.5,1.0,0.5
WYNANTSKILL UFSD,0.25,0.67,0.13545454545454544
RENSSELAER CITY SD,0.19,0.63,0.11235294117647057
AVERILL PARK CSD,0.12,0.13,0.11925287356321837
HOOSIC VALLEY CSD,0.07,0.13,0.05950000000000001
SCHODACK CSD,0.2,0.53,0.16390625000000003
TROY CITY SD,0.17,0.34,0.12601398601398603
CLARKSTOWN CSD,0.05,0.18,0.03059390048154094
NANUET UFSD,0.09,0.11,0.08806818181818182
HAVERSTRAW-STONY POINT CSD (NORTH RO,0.14,0.19,0.13329896907216499
SOUTH ORANGETOWN CSD,0.07,0.17,0.058750000000000004
NYACK UFSD,0.1,0.21,0.08232142857142857
PEARL RIVER UFSD,0.1,0.15,0.09441340782122906
SUFFERN CSD,0.08,0.16,0.07676300578034682
EAST RAMAPO CSD (SPRING VALLEY),0.12,0.22,0.09433628318584071
BRASHER FALLS CSD,0.06,0.17,0.04216216216216216
CANTON CSD,0.13,0.29,0.12111111111111111
CLIFTON-FINE CSD,0.22,0.25,0.2116
COLTON-PIERREPONT CSD,0.09,0.0,0.1157142857142857
GOUVERNEUR CSD,0.11,0.14,0.099468085106383
HAMMOND CSD,0.11,0.0,0.11423076923076923
HERMON-DEKALB CSD,0.11,0.0,0.13655172413793104
LISBON CSD,0.19,0.17,0.20379310344827586
MADRID-WADDINGTON CSD,0.04,0.0,0.04148148148148149
MASSENA CSD,0.11,0.26,0.08921686746987952
MORRISTOWN CSD,0.36,0.57,0.23590909090909093
NORWOOD-NORFOLK CSD,0.18,0.2,0.17402985074626867
OGDENSBURG CITY SD,0.12,0.09,0.12486486486486487
HEUVELTON CSD,0.13,0.13,0.13
PARISHVILLE-HOPKINTON CSD,0.08,0.17,0.06363636363636364
POTSDAM CSD,0.12,0.29,0.10091836734693878
EDWARDS-KNOX CSD,0.06,0.08,0.04466666666666665
BURNT HILLS-BALLSTON LAKE CSD,0.11,0.27,0.08161290322580643
SHENENDEHOWA CSD,0.1,0.42,0.06615863141524107
CORINTH CSD,0.18,0.26,0.15449275362318837
EDINBURG COMMON SD,0.33,0.0,0.55
GALWAY CSD,0.11,0.4,0.03935897435897435
MECHANICVILLE CITY SD,0.17,0.22,0.1627710843373494
BALLSTON SPA CSD,0.06,0.04,0.06124999999999999
SOUTH GLENS FALLS CSD,0.13,0.38,0.11106060606060607
SCHUYLERVILLE CSD,0.03,0.22,0.016209677419354838
SARATOGA SPRINGS CITY SD,0.14,0.53,0.09676674364896075
STILLWATER CSD,0.12,0.42,0.09692307692307693
WATERFORD-HALFMOON UFSD,0.03,0.0,0.03208333333333333
DUANESBURG CSD,0.21,0.39,0.15399999999999997
SCOTIA-GLENVILLE CSD,0.09,0.43,0.0764
NISKAYUNA CSD,0.11,0.29,0.08212121212121211
SCHALMONT CSD,0.13,0.5,0.1005072463768116
ROTTERDAM-MOHONASEN CSD,0.05,0.12,0.03682795698924732
SCHENECTADY CITY SD,0.17,0.18,0.16890850722311399
GILBOA-CONESVILLE CSD,0.19,0.5,0.09565217391304348
JEFFERSON CSD,0.38,0.63,0.06750000000000005
MIDDLEBURGH CSD,0.12,0.18,0.10581818181818183
COBLESKILL-RICHMONDVILLE CSD,0.13,0.2,0.12043165467625898
SCHOHARIE CSD,0.12,0.0,0.12705882352941178
SHARON SPRINGS CSD,0.07,0.0,0.075
ODESSA-MONTOUR CSD,0.15,0.11,0.1570175438596491
WATKINS GLEN CSD,0.2,0.29,0.16676923076923078
SOUTH SENECA CSD,0.21,0.5,0.17484848484848484
ROMULUS CSD,0.18,0.23,0.17027777777777775
SENECA FALLS CSD,0.06,0.05,0.06199999999999999
WATERLOO CSD,0.12,0.19,0.10455882352941176
ADDISON CSD,0.07,0.13,0.06372093023255815
AVOCA CSD,0.13,0.0,0.16611111111111113
BATH CSD,0.1,0.31,0.07584070796460177
BRADFORD CSD,0.16,0.18,0.15047619047619049
CAMPBELL-SAVONA CSD,0.15,0.25,0.11984126984126982
CORNING CITY SD,0.09,0.18,0.08289473684210527
CANISTEO-GREENWOOD CSD,0.1,0.13,0.09538461538461537
HORNELL CITY SD,0.19,0.5,0.17616071428571428
ARKPORT CSD,0.08,0.09,0.07710526315789473
PRATTSBURGH CSD,0.14,0.33,0.07892857142857145
JASPER-TROUPSBURG CSD,0.24,0.43,0.10516129032258063
HAMMONDSPORT CSD,0.12,0.18,0.10829268292682925
WAYLAND-COHOCTON CSD,0.16,0.23,0.1476470588235294
BABYLON UFSD,0.12,0.3,0.08461538461538463
WEST BABYLON UFSD,0.09,0.5,0.06894259818731117
NORTH BABYLON UFSD,0.06,0.16,0.05019607843137255
LINDENHURST UFSD,0.1,0.46,0.07066079295154185
COPIAGUE UFSD,0.12,0.39,0.07499999999999998
AMITYVILLE UFSD,0.11,0.17,0.0963106796116505
DEER PARK UFSD,0.08,0.18,0.06858858858858859
WYANDANCH UFSD,0.11,0.04,0.1226
THREE VILLAGE CSD,0.12,0.44,0.087725321888412
BROOKHAVEN-COMSEWOGUE UFSD,0.07,0.24,0.05041152263374487
SACHEM CSD,0.08,0.26,0.054466588511137164
PORT JEFFERSON UFSD,0.17,0.5,0.14066666666666666
MT SINAI UFSD,0.13,0.51,0.10236363636363636
MILLER PLACE UFSD,0.12,0.3,0.06445714285714287
ROCKY POINT UFSD,0.06,0.08,0.05765258215962441
MIDDLE COUNTRY CSD,0.09,0.33,0.07026845637583892
LONGWOOD CSD,0.08,0.16,0.07227953410981697
PATCHOGUE-MEDFORD UFSD,0.1,0.22,0.06801652892561984
WILLIAM FLOYD UFSD,0.09,0.31,0.04445614035087719
CENTER MORICHES UFSD,0.06,0.25,0.03417475728155339
EAST MORICHES UFSD,0.14,0.44,0.1053846153846154
SOUTH COUNTRY CSD,0.08,0.24,0.06453172205438067
EAST HAMPTON UFSD,0.1,0.17,0.08714285714285716
WAINSCOTT COMN SD,0.0,0.0,0.0
AMAGANSETT UFSD,0.25,0.0,0.25
SPRINGS UFSD,0.23,0.47,0.2093103448275862
SAG HARBOR UFSD,0.13,0.32,0.08957446808510638
MONTAUK UFSD,0.24,0.13,0.29719999999999996
ELWOOD UFSD,0.07,0.45,0.047380952380952385
COLD SPRING HARBOR CSD,0.1,0.3,0.06875
HUNTINGTON UFSD,0.11,0.25,0.08512048192771084
NORTHPORT-EAST NORTHPORT UFSD,0.18,0.32,0.15905511811023623
HALF HOLLOW HILLS CSD,0.05,0.14,0.042679425837320574
HARBORFIELDS CSD,0.08,0.17,0.07280000000000002
COMMACK UFSD,0.11,0.59,0.07933920704845816
SOUTH HUNTINGTON UFSD,0.1,0.39,0.07183222958057396
BAY SHORE UFSD,0.09,0.25,0.0639696312364425
ISLIP UFSD,0.14,0.33,0.09849514563106795
EAST ISLIP UFSD,0.1,0.32,0.07105263157894737
SAYVILLE UFSD,0.06,0.18,0.043507109004739336
BAYPORT-BLUE POINT UFSD,0.09,0.5,0.055188679245283014
HAUPPAUGE UFSD,0.07,0.22,0.05082706766917294
CONNETQUOT CSD,0.11,0.38,0.06984913793103449
WEST ISLIP UFSD,0.09,0.41,0.04914893617021277
BRENTWOOD UFSD,0.05,0.11,0.042960586617781855
CENTRAL ISLIP UFSD,0.1,0.1,0.1
FIRE ISLAND UFSD,0.0,0.0,0.0
SHOREHAM-WADING RIVER CSD,0.15,0.39,0.11240963855421685
RIVERHEAD CSD,0.12,0.26,0.10372972972972971
LITTLE FLOWER UFSD,0.05,0.0,0.05
SHELTER ISLAND UFSD,0.14,0.25,0.12666666666666668
SMITHTOWN CSD,0.06,0.29,0.04468986384266263
KINGS PARK CSD,0.09,0.16,0.07787878787878788
REMSENBURG-SPEONK UFSD,0.14,0.0,0.16333333333333336
WESTHAMPTON BEACH UFSD,0.05,0.19,0.04125
QUOGUE UFSD,0.13,1.0,0.13
HAMPTON BAYS UFSD,0.1,0.08,0.10427586206896552
SOUTHAMPTON UFSD,0.1,0.28,0.07720000000000002
BRIDGEHAMPTON UFSD,0.19,0.33,0.1505128205128205
SAGAPONACK COMN SD,0.0,,
EASTPORT-SOUTH MANOR CSD,0.09,0.32,0.06555555555555556
TUCKAHOE COMN SD,0.21,,
EAST QUOGUE UFSD,0.15,0.4,0.14193548387096772
OYSTERPONDS UFSD,0.14,0.5,0.08000000000000002
FISHERS ISLAND UFSD,0.17,,
SOUTHOLD UFSD,0.05,0.14,0.04763157894736842
GREENPORT UFSD,0.18,0.25,0.15511111111111112
MATTITUCK-CUTCHOGUE UFSD,0.11,0.24,0.07782178217821782
NEW SUFFOLK COMN SD,0.29,0.0,0.3314285714285714
FALLSBURG CSD,0.08,0.16,0.06689655172413794
ELDRED CSD,0.07,0.14,0.044545454545454555
LIBERTY CSD,0.09,0.14,0.07291666666666667
TRI-VALLEY CSD,0.16,0.16,0.16
ROSCOE CSD,0.12,0.17,0.1075
LIVINGSTON MANOR CSD,0.17,0.25,0.16489361702127658
MONTICELLO CSD,0.11,0.22,0.08296610169491528
SULLIVAN WEST CSD,0.13,0.33,0.09052631578947368
WAVERLY CSD,0.05,0.1,0.04272727272727274
CANDOR CSD,0.13,0.0,0.15522388059701492
NEWARK VALLEY CSD,0.14,0.1,0.14878048780487807
OWEGO-APALACHIN CSD,0.08,0.31,0.050428571428571434
SPENCER-VAN ETTEN CSD,0.18,0.33,0.16541666666666666
TIOGA CSD,0.12,0.18,0.10984615384615383
DRYDEN CSD,0.1,0.27,0.08097902097902097
GEORGE JUNIOR REPUBLIC UFSD,0.24,0.0,0.2611764705882353
GROTON CSD,0.27,0.28,0.26138888888888884
ITHACA CITY SD,0.15,0.23,0.12394402035623409
LANSING CSD,0.1,0.0,0.12840909090909092
NEWFIELD CSD,0.18,0.21,0.16999999999999998
TRUMANSBURG CSD,0.19,0.27,0.1719047619047619
WEST PARK UFSD,,,
KINGSTON CITY SD,0.08,0.13,0.0705781584582441
HIGHLAND CSD,0.11,0.19,0.0857142857142857
RONDOUT VALLEY CSD,0.1,0.08,0.10549295774647888
MARLBORO CSD,0.04,0.17,-0.0029921259842519746
NEW PALTZ CSD,0.06,0.19,0.05505434782608695
ONTEORA CSD,0.07,0.43,0.053125000000000006
SAUGERTIES CSD,0.08,0.5,0.06714285714285714
WALLKILL CSD,0.09,0.29,0.06169811320754716
ELLENVILLE CSD,0.14,0.22,0.12787878787878787
BOLTON CSD,0.08,,
NORTH WARREN CSD,0.14,0.0,0.1453846153846154
GLENS FALLS CITY SD,0.14,0.26,0.12490566037735851
JOHNSBURG CSD,0.11,,
LAKE GEORGE CSD,0.16,0.38,0.14513513513513515
HADLEY-LUZERNE CSD,0.09,0.09,0.08999999999999998
QUEENSBURY UFSD,0.12,0.37,0.10611111111111111
GLENS FALLS COMN SD,0.29,,
WARRENSBURG CSD,0.15,0.31,0.12161290322580644
ARGYLE CSD,0.1,0.25,0.08043478260869566
FORT ANN CSD,0.05,0.0,0.05945945945945946
FORT EDWARD UFSD,0.06,0.2,0.021111111111111105
GRANVILLE CSD,0.17,0.26,0.14585365853658536
GREENWICH CSD,0.14,0.14,0.14
HARTFORD CSD,0.06,0.25,0.047872340425531915
HUDSON FALLS CSD,0.09,0.21,0.08028901734104045
PUTNAM CSD,0.22,0.0,0.22
SALEM CSD,0.08,0.5,0.03418181818181818
CAMBRIDGE CSD,0.13,0.33,0.11309859154929576
WHITEHALL CSD,0.22,0.22,0.22
NEWARK CSD,0.2,0.21,0.19698795180722894
CLYDE-SAVANNAH CSD,0.19,0.19,0.19000000000000003
LYONS CSD,0.09,0.06,0.09794117647058823
MARION CSD,0.21,0.57,0.09230769230769233
WAYNE CSD,0.18,0.36,0.1534969325153374
PALMYRA-MACEDON CSD,0.15,0.27,0.13542857142857143
GANANDA CSD,0.15,0.33,0.10443037974683544
SODUS CSD,0.14,0.29,0.12611111111111115
WILLIAMSON CSD,0.11,0.23,0.08857142857142858
NORTH ROSE-WOLCOTT CSD,0.25,0.48,0.20250000000000004
RED CREEK CSD,0.1,0.22,0.08080000000000001
KATONAH-LEWISBORO UFSD,0.09,0.21,0.06753424657534246
BEDFORD CSD,0.09,0.34,0.07253968253968253
CROTON-HARMON UFSD,0.1,0.29,0.07755905511811025
HENDRICK HUDSON CSD,0.07,0.19,0.04768844221105529
EASTCHESTER UFSD,0.05,0.2,0.0425
TUCKAHOE UFSD,0.1,0.33,0.08405940594059406
BRONXVILLE UFSD,0.1,0.25,0.09311926605504588
UFSD-TARRYTOWNS,0.08,0.2,0.06464454976303317
IRVINGTON UFSD,0.14,0.09,0.14445544554455447
DOBBS FERRY UFSD,0.08,0.3,0.04764705882352942
HASTINGS-ON-HUDSON UFSD,0.11,0.57,0.0914765100671141
ARDSLEY UFSD,0.1,0.33,0.08591836734693878
EDGEMONT UFSD,0.09,0.4,0.06385542168674697
GREENBURGH CSD,0.63,0.82,0.6012121212121213
ELMSFORD UFSD,0.12,0.11,0.12056179775280898
GREENBURGH-GRAHAM UFSD,0.19,0.4,0.1808695652173913
GREENBURGH ELEVEN UFSD,0.19,0.0,0.2185
GREENBURGH-NORTH CASTLE UFSD,0.15,0.15,0.15
HARRISON CSD,0.12,0.32,0.07121951219512193
MAMARONECK UFSD,0.1,0.27,0.07864102564102565
MT PLEASANT CSD,0.08,0.53,0.05724719101123596
POCANTICO HILLS CSD,0.17,0.4,0.1351515151515152
HAWTHORNE-CEDAR KNOLLS UFSD,0.31,1.0,0.31
MT PLEASANT-COTTAGE UFSD,0.17,0.23,0.15
VALHALLA UFSD,0.13,0.5,0.09448000000000002
MT PLEASANT-BLYTHEDALE UFSD,0.12,0.5,0.04874999999999999
PLEASANTVILLE UFSD,0.09,0.22,0.08376712328767123
MT VERNON SCHOOL DISTRICT,0.2,0.27,0.19200845665961946
CHAPPAQUA CSD,0.16,0.54,0.13162337662337661
NEW ROCHELLE CITY SD,0.13,0.27,0.11661442006269593
BYRAM HILLS CSD,0.11,0.5,0.09588235294117647
NORTH SALEM CSD,0.06,0.0,0.0654054054054054
OSSINING UFSD,0.27,0.35,0.2529602888086642
BRIARCLIFF MANOR UFSD,0.11,0.25,0.10042735042735043
PEEKSKILL CITY SD,0.09,0.21,0.06609022556390977
PELHAM UFSD,0.06,0.25,0.048772727272727266
RYE CITY SD,0.08,0.38,0.05888888888888889
RYE NECK UFSD,0.09,0.21,0.0825
PORT CHESTER-RYE UFSD,0.16,0.2,0.14933333333333335
BLIND BROOK-RYE UFSD,0.13,0.42,0.08495145631067962
SCARSDALE UFSD,0.09,0.18,0.07011627906976743
SOMERS CSD,0.07,0.15,0.05750000000000001
WHITE PLAINS CITY SD,0.09,0.14,0.08298597194388777
YONKERS CITY SD,0.07,0.03,0.0723021582733813
LAKELAND CSD,0.06,0.2,0.045740740740740735
YORKTOWN CSD,0.11,0.18,0.1016304347826087
ATTICA CSD,0.17,0.19,0.16722772277227724
LETCHWORTH CSD,0.1,0.23,0.08411111111111112
WYOMING CSD,0.0,0.0,0.0
PERRY CSD,0.06,0.14,0.039178082191780816
WARSAW CSD,0.15,0.25,0.12012987012987013
PENN YAN CSD,0.09,0.17,0.07985074626865671
DUNDEE CSD,0.16,0.21,0.1424074074074074
